261645,chinesemovie
78917,chinesemovie
78918,chinesemovie
278334,chinesemovie
18882,chinesemovie
110410,chinesemovie
108394,chinesemovie
282542,chinesemovie
61580,chinesemovie
107923,chinesemovie
94610,chinesemovie
389413,chinesemovie
401090,chinesemovie
19394,chinesemovie
389416,chinesemovie
210357,chinesemovie
92650,chinesemovie
397129,chinesemovie
85787,chinesemovie
380733,chinesemovie
19152,chinesemovie
19370,chinesemovie
208107,chinesemovie
172833,chinesemovie
144778,chinesemovie
398125,chinesemovie
20281,chinesemovie
369814,chinesemovie
20044,chinesemovie
76742,chinesemovie
142612,chinesemovie
406029,chinesemovie
178807,chinesemovie
341814,chinesemovie
19973,chinesemovie
403110,chinesemovie
19971,chinesemovie
19970,chinesemovie
410002,chinesemovie
410001,chinesemovie
118340,chinesemovie
208031,chinesemovie
208030,chinesemovie
353700,chinesemovie
340617,chinesemovie
407123,chinesemovie
409395,chinesemovie
367838,chinesemovie
20219,chinesemovie
96653,chinesemovie
52462,chinesemovie
124452,chinesemovie
88926,chinesemovie
88925,chinesemovie
365572,chinesemovie
392751,chinesemovie
360503,chinesemovie
229685,chinesemovie
377572,chinesemovie
216205,chinesemovie
216207,chinesemovie
79614,chinesemovie
141536,chinesemovie
199606,chinesemovie
334906,chinesemovie
349129,chinesemovie
349128,chinesemovie
128129,chinesemovie
265223,chinesemovie
261605,chinesemovie
258445,chinesemovie
258444,chinesemovie
258446,chinesemovie
98989,chinesemovie
187532,chinesemovie
401056,chinesemovie
390445,chinesemovie
19058,chinesemovie
279315,chinesemovie
352500,chinesemovie
19052,chinesemovie
340361,chinesemovie
19056,chinesemovie
351479,chinesemovie
371683,chinesemovie
107393,chinesemovie
88845,chinesemovie
88844,chinesemovie
88847,chinesemovie
272192,chinesemovie
88848,chinesemovie
279091,chinesemovie
380738,chinesemovie
400271,chinesemovie
400270,chinesemovie
207961,chinesemovie
409224,chinesemovie
364275,chinesemovie
19621,chinesemovie
123360,chinesemovie
137165,chinesemovie
353174,chinesemovie
88216,chinesemovie
332755,chinesemovie
101594,chinesemovie
390219,chinesemovie
78921,chinesemovie
101593,chinesemovie
227215,chinesemovie
107496,chinesemovie
107495,chinesemovie
107494,chinesemovie
107492,chinesemovie
107490,chinesemovie
108956,chinesemovie
69549,chinesemovie
19153,chinesemovie
19759,chinesemovie
214840,chinesemovie
280929,chinesemovie
157795,chinesemovie
96566,chinesemovie
84401,chinesemovie
84402,chinesemovie
345909,chinesemovie
258941,chinesemovie
336424,chinesemovie
187743,chinesemovie
392240,chinesemovie
183942,chinesemovie
173607,chinesemovie
20316,chinesemovie
160174,chinesemovie
284790,chinesemovie
19231,chinesemovie
214168,chinesemovie
384793,chinesemovie
385702,chinesemovie
384791,chinesemovie
384659,chinesemovie
388499,chinesemovie
331664,chinesemovie
52079,chinesemovie
170980,chinesemovie
238375,chinesemovie
231541,chinesemovie
138642,chinesemovie
339353,chinesemovie
161752,chinesemovie
124627,chinesemovie
124626,chinesemovie
252703,chinesemovie
192886,chinesemovie
81878,chinesemovie
395889,chinesemovie
375456,chinesemovie
326546,chinesemovie
396539,chinesemovie
409752,chinesemovie
362054,chinesemovie
64261,chinesemovie
64260,chinesemovie
111308,chinesemovie
394740,chinesemovie
61693,chinesemovie
349606,chinesemovie
256225,chinesemovie
349605,chinesemovie
64061,chinesemovie
337535,chinesemovie
401767,chinesemovie
211184,chinesemovie
176420,chinesemovie
133835,chinesemovie
207464,chinesemovie
360499,chinesemovie
371800,chinesemovie
340476,chinesemovie
264295,chinesemovie
190195,chinesemovie
190193,chinesemovie
282539,chinesemovie
396618,chinesemovie
102145,chinesemovie
219113,chinesemovie
61592,chinesemovie
19062,chinesemovie
19065,chinesemovie
89266,chinesemovie
19147,chinesemovie
406102,chinesemovie
383908,chinesemovie
272712,chinesemovie
171862,chinesemovie
379607,chinesemovie
133781,chinesemovie
358692,chinesemovie
179702,chinesemovie
244496,chinesemovie
110066,chinesemovie
353788,chinesemovie
88229,chinesemovie
201136,chinesemovie
107748,chinesemovie
19703,chinesemovie
376003,chinesemovie
116727,chinesemovie
264043,chinesemovie
377142,chinesemovie
335875,chinesemovie
396565,chinesemovie
376009,chinesemovie
361110,chinesemovie
358278,chinesemovie
353916,chinesemovie
345332,chinesemovie
345331,chinesemovie
407039,chinesemovie
231077,chinesemovie
128260,chinesemovie
375086,chinesemovie
179554,chinesemovie
64162,chinesemovie
328557,chinesemovie
339409,chinesemovie
225297,chinesemovie
190402,chinesemovie
88914,chinesemovie
179927,chinesemovie
280931,chinesemovie
49572,chinesemovie
354945,chinesemovie
193105,chinesemovie
208099,chinesemovie
336583,chinesemovie
19761,chinesemovie
345248,chinesemovie
61406,chinesemovie
79404,chinesemovie
20127,chinesemovie
390296,chinesemovie
159269,chinesemovie
389138,chinesemovie
357067,chinesemovie
157658,chinesemovie
366467,chinesemovie
161850,chinesemovie
389130,chinesemovie
249305,chinesemovie
351255,chinesemovie
93770,chinesemovie
373401,chinesemovie
373403,chinesemovie
350987,chinesemovie
207983,chinesemovie
155728,chinesemovie
244215,chinesemovie
219028,chinesemovie
361488,chinesemovie
236930,chinesemovie
334411,chinesemovie
99438,chinesemovie
273268,chinesemovie
338288,chinesemovie
19038,chinesemovie
19742,chinesemovie
389794,chinesemovie
162804,chinesemovie
56314,chinesemovie
177242,chinesemovie
222268,chinesemovie
379145,chinesemovie
383617,chinesemovie
403002,chinesemovie
222266,chinesemovie
222267,chinesemovie
222260,chinesemovie
282087,chinesemovie
20305,chinesemovie
101060,chinesemovie
401850,chinesemovie
71446,chinesemovie
67502,chinesemovie
87672,chinesemovie
396550,chinesemovie
124278,chinesemovie
98093,chinesemovie
175938,chinesemovie
403175,chinesemovie
331053,chinesemovie
331055,chinesemovie
372479,chinesemovie
389136,chinesemovie
76378,chinesemovie
111307,chinesemovie
390450,chinesemovie
141393,chinesemovie
399316,chinesemovie
96829,chinesemovie
372061,chinesemovie
184203,chinesemovie
342120,chinesemovie
86645,chinesemovie
349680,chinesemovie
61615,chinesemovie
351193,chinesemovie
351190,chinesemovie
267901,chinesemovie
82439,chinesemovie
105414,chinesemovie
99045,chinesemovie
341493,chinesemovie
103683,chinesemovie
19478,chinesemovie
19479,chinesemovie
383806,chinesemovie
336582,chinesemovie
345631,chinesemovie
247366,chinesemovie
368882,chinesemovie
409800,chinesemovie
260113,chinesemovie
18875,chinesemovie
18874,chinesemovie
68408,chinesemovie
68407,chinesemovie
363026,chinesemovie
193809,chinesemovie
236707,chinesemovie
96538,chinesemovie
110775,chinesemovie
18992,chinesemovie
19355,chinesemovie
356906,chinesemovie
171953,chinesemovie
219077,chinesemovie
219078,chinesemovie
19280,chinesemovie
19282,chinesemovie
275964,chinesemovie
253368,chinesemovie
265322,chinesemovie
265323,chinesemovie
133165,chinesemovie
133166,chinesemovie
68710,chinesemovie
18903,chinesemovie
49568,chinesemovie
243449,chinesemovie
361108,chinesemovie
348030,chinesemovie
361107,chinesemovie
85869,chinesemovie
403033,chinesemovie
128412,chinesemovie
334147,chinesemovie
49552,chinesemovie
19316,chinesemovie
20231,chinesemovie
287730,chinesemovie
20016,chinesemovie
158691,chinesemovie
219084,chinesemovie
229254,chinesemovie
280923,chinesemovie
280927,chinesemovie
144783,chinesemovie
328234,chinesemovie
377791,chinesemovie
225358,chinesemovie
326315,chinesemovie
382958,chinesemovie
83421,chinesemovie
362174,chinesemovie
111696,chinesemovie
93767,chinesemovie
396225,chinesemovie
396226,chinesemovie
20019,chinesemovie
20026,chinesemovie
399979,chinesemovie
165385,chinesemovie
279703,chinesemovie
197228,chinesemovie
210338,chinesemovie
154271,chinesemovie
173609,chinesemovie
176908,chinesemovie
117045,chinesemovie
118873,chinesemovie
19480,chinesemovie
278323,chinesemovie
332075,chinesemovie
76103,chinesemovie
388977,chinesemovie
381621,chinesemovie
381624,chinesemovie
193346,chinesemovie
193347,chinesemovie
382137,chinesemovie
109045,chinesemovie
275743,chinesemovie
87959,chinesemovie
107931,chinesemovie
107934,chinesemovie
208112,chinesemovie
406610,chinesemovie
208114,chinesemovie
208052,chinesemovie
90933,chinesemovie
76373,chinesemovie
20274,chinesemovie
227684,chinesemovie
364320,chinesemovie
197655,chinesemovie
367693,chinesemovie
382342,chinesemovie
129005,chinesemovie
19756,chinesemovie
19640,chinesemovie
19643,chinesemovie
19313,chinesemovie
19312,chinesemovie
174887,chinesemovie
211740,chinesemovie
329929,chinesemovie
105435,chinesemovie
18922,chinesemovie
392041,chinesemovie
270371,chinesemovie
351292,chinesemovie
90934,chinesemovie
123757,chinesemovie
108111,chinesemovie
403105,chinesemovie
19860,chinesemovie
192930,chinesemovie
19867,chinesemovie
86482,chinesemovie
19043,chinesemovie
225253,chinesemovie
183395,chinesemovie
238175,chinesemovie
332122,chinesemovie
185365,chinesemovie
238451,chinesemovie
282237,chinesemovie
170898,chinesemovie
88937,chinesemovie
88936,chinesemovie
247386,chinesemovie
187384,chinesemovie
400095,chinesemovie
124463,chinesemovie
124465,chinesemovie
361040,chinesemovie
346633,chinesemovie
104178,chinesemovie
108207,chinesemovie
67461,chinesemovie
171052,chinesemovie
252161,chinesemovie
404618,chinesemovie
404617,chinesemovie
374547,chinesemovie
94934,chinesemovie
349130,chinesemovie
211726,chinesemovie
213029,chinesemovie
366249,chinesemovie
336043,chinesemovie
371600,chinesemovie
245082,chinesemovie
18867,chinesemovie
89081,chinesemovie
19046,chinesemovie
20332,chinesemovie
406084,chinesemovie
100523,chinesemovie
88835,chinesemovie
88836,chinesemovie
398466,chinesemovie
373540,chinesemovie
409331,chinesemovie
346168,chinesemovie
189098,chinesemovie
155937,chinesemovie
19057,chinesemovie
19296,chinesemovie
255660,chinesemovie
143867,chinesemovie
88842,chinesemovie
69462,chinesemovie
69463,chinesemovie
345911,chinesemovie
276409,chinesemovie
403024,chinesemovie
87671,chinesemovie
272745,chinesemovie
353836,chinesemovie
358314,chinesemovie
404477,chinesemovie
88052,chinesemovie
367861,chinesemovie
225114,chinesemovie
124128,chinesemovie
67528,chinesemovie
96110,chinesemovie
235184,chinesemovie
255480,chinesemovie
339740,chinesemovie
407597,chinesemovie
67451,chinesemovie
178745,chinesemovie
178744,chinesemovie
170339,chinesemovie
192808,chinesemovie
123623,chinesemovie
364277,chinesemovie
366114,chinesemovie
85446,chinesemovie
257737,chinesemovie
206376,chinesemovie
277033,chinesemovie
284717,chinesemovie
383919,chinesemovie
383911,chinesemovie
63808,chinesemovie
64316,chinesemovie
170905,chinesemovie
362961,chinesemovie
406833,chinesemovie
55163,chinesemovie
149061,chinesemovie
211601,chinesemovie
128656,chinesemovie
335342,chinesemovie
279479,chinesemovie
62958,chinesemovie
67500,chinesemovie
231902,chinesemovie
